year,emp_type,age_group,시간당임금총액_원,총근로시간_h,월임금총액_만원,월급여액_만원,정액급여_만원,초과급여_만원
2006,비정규근로자,29세이하,5899.0,164.0,93.1,90.2,84.9,5.3
2006,비정규근로자,30~39세,7961.0,173.2,125.4,120.6,114.3,6.3
2006,비정규근로자,40~49세,7317.0,171.4,116.6,113.1,109.4,3.8
2006,비정규근로자,50~59세,7216.0,178.0,116.7,112.7,109.1,3.6
2006,비정규근로자,60세이상,5421.0,217.8,96.7,94.1,91.9,2.1
2006,비정규근로자,전체,6816.0,173.2,108.9,105.3,100.5,4.8
2006,비정규직근로자(특수형태포함),29세이하,,,98.0,95.4,90.4,5.0
2006,비정규직근로자(특수형태포함),30~39세,,,154.0,149.1,144.3,4.8
2006,비정규직근로자(특수형태포함),40~49세,,,140.5,137.0,134.1,2.9
2006,비정규직근로자(특수형태포함),50~59세,,,125.4,122.0,118.8,3.1
2006,비정규직근로자(특수형태포함),60세이상,,,96.8,94.5,92.5,1.9
2006,비정규직근로자(특수형태포함),전체,,,125.7,122.2,118.2,4.0
2006,전체근로자,29세이하,7920.0,186.9,144.1,127.3,118.8,8.6
2006,전체근로자,30~39세,12178.0,192.3,225.1,188.7,177.2,11.5
2006,전체근로자,40~49세,13396.0,195.5,250.0,204.9,190.8,14.1
2006,전체근로자,50~59세,12580.0,198.9,235.7,194.8,181.1,13.7
2006,전체근로자,60세이상,8085.0,219.1,152.3,138.3,135.3,2.9
2006,전체근로자,전체,11172.0,193.4,206.9,174.2,163.0,11.2
2006,전체근로자(특수형태포함),29세이하,,,144.5,128.0,119.7,8.4
2006,전체근로자(특수형태포함),30~39세,,,225.9,190.9,180.0,11.0
2006,전체근로자(특수형태포함),40~49세,,,248.4,205.5,192.2,13.3
2006,전체근로자(특수형태포함),50~59세,,,233.5,194.1,180.9,13.2
2006,전체근로자(특수형태포함),60세이상,,,150.2,136.7,133.9,2.8
2006,전체근로자(특수형태포함),전체,,,207.1,175.6,164.8,10.8
2006,정규근로자,29세이하,8654.0,195.2,162.7,140.8,131.1,9.7
2006,정규근로자,30~39세,12920.0,195.6,242.7,200.7,188.3,12.4
2006,정규근로자,40~49세,14796.0,201.1,280.8,226.1,209.6,16.4
2006,정규근로자,50~59세,14194.0,205.2,271.5,219.5,202.7,16.7
2006,정규근로자,60세이상,9723.0,219.9,186.6,165.4,162.0,3.4
2006,정규근로자,전체,12328.0,198.7,233.0,192.5,179.6,12.9
2007,비정규근로자,29세이하,6314.0,162.9,101.2,97.9,94.0,3.9
2007,비정규근로자,30~39세,8762.0,168.6,133.1,128.3,123.9,4.3
2007,비정규근로자,40~49세,8226.0,170.5,126.6,123.5,119.7,3.8
2007,비정규근로자,50~59세,8244.0,176.3,129.6,126.3,122.7,3.6
2007,비정규근로자,60세이상,6007.0,210.5,102.0,99.8,97.6,2.2
2007,비정규근로자,전체,7537.0,171.4,118.0,114.5,110.8,3.8
2007,비정규직근로자(특수형태포함),29세이하,,,106.4,103.0,99.5,3.6
2007,비정규직근로자(특수형태포함),30~39세,,,157.8,153.0,149.7,3.3
2007,비정규직근로자(특수형태포함),40~49세,,,152.8,149.6,146.8,2.9
2007,비정규직근로자(특수형태포함),50~59세,,,139.6,135.7,132.7,3.0
2007,비정규직근로자(특수형태포함),60세이상,,,104.2,101.5,99.5,2.0
2007,비정규직근로자(특수형태포함),전체,,,134.9,131.3,128.1,3.1
2007,전체근로자,29세이하,8581.0,184.7,155.1,137.0,127.6,9.3
2007,전체근로자,30~39세,13394.0,186.4,238.0,199.4,187.5,11.9
2007,전체근로자,40~49세,14433.0,190.2,259.0,215.0,201.0,14.0
2007,전체근로자,50~59세,13554.0,194.6,244.9,206.9,194.4,12.6
2007,전체근로자,60세이상,8791.0,210.2,159.5,146.0,142.7,3.3
2007,전체근로자,전체,12149.0,188.8,217.8,184.7,173.2,11.4
2007,전체근로자(특수형태포함),29세이하,,,155.4,137.6,128.4,9.2
2007,전체근로자(특수형태포함),30~39세,,,237.9,200.7,189.4,11.4
2007,전체근로자(특수형태포함),40~49세,,,257.7,216.0,202.8,13.2
2007,전체근로자(특수형태포함),50~59세,,,242.3,205.8,193.8,12.0
2007,전체근로자(특수형태포함),60세이상,,,158.3,145.1,141.9,3.2
2007,전체근로자(특수형태포함),전체,,,217.8,185.8,174.8,11.0
2007,정규근로자,29세이하,9329.0,192.0,172.9,149.9,138.7,11.2
2007,정규근로자,30~39세,14162.0,189.3,255.4,211.2,198.1,13.2
2007,정규근로자,40~49세,15905.0,194.9,290.5,236.8,220.3,16.5
2007,정규근로자,50~59세,15226.0,200.4,281.2,232.3,217.0,15.4
2007,정규근로자,60세이상,10560.0,210.0,196.1,175.5,171.4,4.1
2007,정규근로자,전체,13336.0,193.2,243.5,202.7,189.3,13.4
2008,비정규근로자,29세이하,6466.0,156.6,101.1,98.5,94.8,3.7
2008,비정규근로자,30~39세,9639.0,163.2,141.6,136.8,132.2,4.6
2008,비정규근로자,40~49세,8700.0,165.2,130.7,127.7,124.1,3.5
2008,비정규근로자,50~59세,8198.0,170.6,130.8,128.1,124.5,3.6
2008,비정규근로자,60세이상,6491.0,201.9,111.6,110.1,107.4,2.7
2008,비정규근로자,전체,7932.0,165.7,122.0,118.9,115.1,3.8
2008,비정규직근로자(특수형태포함),29세이하,,,106.2,103.7,100.3,3.4
2008,비정규직근로자(특수형태포함),30~39세,,,162.2,157.5,154.0,3.5
2008,비정규직근로자(특수형태포함),40~49세,,,156.2,152.4,149.7,2.7
2008,비정규직근로자(특수형태포함),50~59세,,,142.2,139.2,136.2,3.1
2008,비정규직근로자(특수형태포함),60세이상,,,112.7,111.1,108.6,2.5
2008,비정규직근로자(특수형태포함),전체,,,137.9,134.5,131.4,3.1
2008,전체근로자,29세이하,9185.0,178.6,161.2,143.1,134.2,8.9
2008,전체근로자,30~39세,14219.0,183.1,248.9,210.3,198.1,12.3
2008,전체근로자,40~49세,15185.0,186.8,269.3,224.7,210.1,14.6
2008,전체근로자,50~59세,14065.0,189.3,251.4,213.8,201.0,12.9
2008,전체근로자,60세이상,9312.0,203.1,167.5,155.1,151.4,3.7
2008,전체근로자,전체,12920.0,184.5,227.9,194.5,182.8,11.7
2008,전체근로자(특수형태포함),29세이하,,,161.3,143.6,134.9,8.7
2008,전체근로자(특수형태포함),30~39세,,,248.0,210.9,199.2,11.8
2008,전체근로자(특수형태포함),40~49세,,,267.5,225.1,211.4,13.7
2008,전체근로자(특수형태포함),50~59세,,,249.3,213.2,200.9,12.3
2008,전체근로자(특수형태포함),60세이상,,,166.2,154.1,150.5,3.6
2008,전체근로자(특수형태포함),전체,,,227.5,195.2,184.0,11.2
2008,정규근로자,29세이하,10172.0,186.6,183.0,159.3,148.5,10.8
2008,정규근로자,30~39세,14994.0,186.5,267.0,222.8,209.2,13.6
2008,정규근로자,40~49세,16791.0,192.2,303.6,248.7,231.4,17.3
2008,정규근로자,50~59세,16098.0,195.8,293.1,243.5,227.5,16.1
2008,정규근로자,60세이상,11230.0,204.0,205.6,185.8,181.4,4.4
2008,정규근로자,전체,14283.0,189.6,256.9,215.1,201.3,13.8
2009,비정규근로자,29세이하,6362.0,160.1,101.3,98.6,94.9,3.7
2009,비정규근로자,30~39세,8945.0,168.8,139.2,134.8,130.3,4.5
2009,비정규근로자,40~49세,8507.0,165.1,131.3,128.6,125.5,3.1
2009,비정규근로자,50~59세,8622.0,170.3,138.6,135.5,132.6,2.9
2009,비정규근로자,60세이상,6627.0,190.4,112.8,111.4,108.9,2.5
2009,비정규근로자,전체,7785.0,167.4,123.2,120.2,116.7,3.5
2009,비정규직근로자(특수형태포함),29세이하,,,105.1,102.5,99.0,3.5
2009,비정규직근로자(특수형태포함),30~39세,,,151.7,147.5,144.0,3.5
2009,비정규직근로자(특수형태포함),40~49세,,,158.3,155.1,152.7,2.4
2009,비정규직근로자(특수형태포함),50~59세,,,154.3,150.7,148.3,2.4
2009,비정규직근로자(특수형태포함),60세이상,,,110.0,108.6,106.3,2.3
2009,비정규직근로자(특수형태포함),전체,,,137.3,134.1,131.2,2.9
2009,전체근로자,29세이하,8828.0,184.0,161.1,143.6,134.7,9.0
2009,전체근로자,30~39세,13439.0,189.3,246.6,210.0,198.5,11.5
2009,전체근로자,40~49세,14600.0,190.4,269.8,227.3,213.4,13.9
2009,전체근로자,50~59세,13361.0,191.9,247.0,214.3,202.7,11.6
2009,전체근로자,60세이상,8891.0,196.2,162.2,152.4,148.8,3.6
2009,전체근로자,전체,12382.0,189.0,227.7,196.0,184.9,11.1
2009,전체근로자(특수형태포함),29세이하,,,161.0,143.8,135.1,8.8
2009,전체근로자(특수형태포함),30~39세,,,244.7,209.4,198.4,11.0
2009,전체근로자(특수형태포함),40~49세,,,268.2,228.1,215.1,13.0
2009,전체근로자(특수형태포함),50~59세,,,246.0,214.7,203.8,10.9
2009,전체근로자(특수형태포함),60세이상,,,158.2,148.9,145.5,3.4
2009,전체근로자(특수형태포함),전체,,,226.9,196.4,185.8,10.6
2009,정규근로자,29세이하,9895.0,194.4,187.0,163.1,151.9,11.2
2009,정규근로자,30~39세,14293.0,193.2,267.1,224.2,211.4,12.8
2009,정규근로자,40~49세,16287.0,197.4,308.2,254.6,237.7,16.9
2009,정규근로자,50~59세,15203.0,200.2,289.1,244.9,229.9,14.9
2009,정규근로자,60세이상,10787.0,201.1,203.6,186.7,182.3,4.5
2009,정규근로자,전체,13828.0,195.7,260.6,219.9,206.3,13.5
2010,비정규근로자,29세이하,6627.0,155.7,101.4,99.7,95.8,4.0
2010,비정규근로자,30~39세,9653.0,166.1,143.0,138.7,133.7,5.0
2010,비정규근로자,40~49세,9199.0,162.3,134.2,131.3,127.8,3.5
2010,비정규근로자,50~59세,8769.0,168.1,134.3,132.1,128.9,3.2
2010,비정규근로자,60세이상,7177.0,183.2,117.7,116.3,113.5,2.8
2010,비정규근로자,전체,8236.0,164.2,124.4,121.9,118.1,3.8
2010,비정규직근로자(특수형태포함),29세이하,,,106.6,105.1,101.4,3.7
2010,비정규직근로자(특수형태포함),30~39세,,,158.9,155.1,151.3,3.8
2010,비정규직근로자(특수형태포함),40~49세,,,160.1,156.6,153.9,2.6
2010,비정규직근로자(특수형태포함),50~59세,,,145.9,143.0,140.3,2.7
2010,비정규직근로자(특수형태포함),60세이상,,,115.5,114.0,111.4,2.5
2010,비정규직근로자(특수형태포함),전체,,,138.7,136.0,132.8,3.2
2010,전체근로자,29세이하,9185.0,180.3,163.6,148.2,138.9,9.3
2010,전체근로자,30~39세,14099.0,187.6,254.0,218.3,205.8,12.5
2010,전체근로자,40~49세,15044.0,189.2,273.4,232.9,218.4,14.5
2010,전체근로자,50~59세,13666.0,190.5,249.1,217.3,204.2,13.1
2010,전체근로자,60세이상,9165.0,192.8,164.0,155.0,150.9,4.0
2010,전체근로자,전체,12878.0,187.0,232.6,202.3,190.4,11.9
2010,전체근로자(특수형태포함),29세이하,,,163.8,148.8,139.8,9.1
2010,전체근로자(특수형태포함),30~39세,,,252.1,217.9,205.9,11.9
2010,전체근로자(특수형태포함),40~49세,,,271.7,233.3,219.7,13.6
2010,전체근로자(특수형태포함),50~59세,,,246.8,216.4,204.0,12.4
2010,전체근로자(특수형태포함),60세이상,,,160.5,151.8,148.0,3.8
2010,전체근로자(특수형태포함),전체,,,231.6,202.5,191.2,11.4
2010,정규근로자,29세이하,10373.0,191.7,192.5,170.8,159.0,11.8
2010,정규근로자,30~39세,14921.0,191.6,274.5,233.0,219.1,13.9
2010,정규근로자,40~49세,16669.0,196.7,312.1,261.1,243.5,17.6
2010,정규근로자,50~59세,15644.0,199.6,295.5,251.7,234.7,17.0
2010,정규근로자,60세이상,10940.0,201.3,205.4,189.6,184.4,5.1
2010,정규근로자,전체,14388.0,194.4,267.7,228.5,213.9,14.5
2011,비정규근로자,29세이하,7337.0,148.7,110.0,107.6,102.2,5.3
2011,비정규근로자,30~39세,11014.0,156.2,149.5,145.4,138.2,7.2
2011,비정규근로자,40~49세,10415.0,150.1,137.9,135.1,130.7,4.4
2011,비정규근로자,50~59세,10014.0,150.4,139.1,136.5,132.8,3.7
2011,비정규근로자,60세이상,8464.0,163.0,124.2,122.7,119.9,2.8
2011,비정규근로자,전체,9372.0,152.2,130.9,128.2,123.3,4.9
2011,비정규직근로자(특수형태포함),29세이하,,,113.2,110.8,105.8,5.0
2011,비정규직근로자(특수형태포함),30~39세,,,161.4,157.6,152.3,5.2
2011,비정규직근로자(특수형태포함),40~49세,,,166.5,163.1,160.0,3.2
2011,비정규직근로자(특수형태포함),50~59세,,,159.0,156.1,153.0,3.1
2011,비정규직근로자(특수형태포함),60세이상,,,126.0,124.4,121.8,2.6
2011,비정규직근로자(특수형태포함),전체,,,147.2,144.2,140.3,4.0
2011,전체근로자,29세이하,9811.0,175.6,172.7,155.6,144.8,10.9
2011,전체근로자,30~39세,14807.0,183.0,261.9,224.9,211.3,13.7
2011,전체근로자,40~49세,16171.0,182.3,285.8,242.1,226.5,15.5
2011,전체근로자,50~59세,14638.0,181.5,258.2,222.6,208.3,14.3
2011,전체근로자,60세이상,9978.0,180.6,169.5,159.7,154.9,4.9
2011,전체근로자,전체,13769.0,180.8,242.8,210.2,197.0,13.1
2011,전체근로자(특수형태포함),29세이하,,,172.3,155.6,145.0,10.6
2011,전체근로자(특수형태포함),30~39세,,,258.1,223.0,210.1,12.9
2011,전체근로자(특수형태포함),40~49세,,,281.8,241.3,227.0,14.2
2011,전체근로자(특수형태포함),50~59세,,,257.9,224.2,210.8,13.4
2011,전체근로자(특수형태포함),60세이상,,,168.5,159.1,154.4,4.7
2011,전체근로자(특수형태포함),전체,,,241.3,210.3,197.9,12.4
2011,정규근로자,29세이하,11038.0,188.9,203.8,179.5,165.9,13.6
2011,정규근로자,30~39세,15521.0,188.0,283.0,239.9,225.0,14.9
2011,정규근로자,40~49세,17865.0,191.8,329.4,273.5,254.7,18.8
2011,정규근로자,50~59세,16672.0,195.1,310.6,260.4,241.5,18.9
2011,정규근로자,60세이상,11292.0,195.9,208.8,191.9,185.3,6.6
2011,정규근로자,전체,15289.0,190.7,281.4,238.5,222.5,16.0
2012,비정규근로자,29세이하,8183.0,132.4,108.2,106.4,100.3,6.1
2012,비정규근로자,30~39세,12110.0,146.5,157.1,153.0,145.2,7.8
2012,비정규근로자,40~49세,11895.0,137.6,145.5,141.9,137.4,4.6
2012,비정규근로자,50~59세,11256.0,140.7,145.5,142.7,138.6,4.0
2012,비정규근로자,60세이상,9289.0,152.0,122.2,120.1,116.9,3.2
2012,비정규근로자,전체,10437.0,140.1,134.2,131.3,126.0,5.3
2012,비정규직근로자(특수형태포함),29세이하,,,112.6,110.8,105.1,5.7
2012,비정규직근로자(특수형태포함),30~39세,,,166.4,163.0,157.3,5.7
2012,비정규직근로자(특수형태포함),40~49세,,,173.8,170.5,167.3,3.3
2012,비정규직근로자(특수형태포함),50~59세,,,162.9,160.0,156.7,3.3
2012,비정규직근로자(특수형태포함),60세이상,,,124.7,122.6,119.7,2.9
2012,비정규직근로자(특수형태포함),전체,,,149.9,147.2,142.8,4.3
2012,전체근로자,29세이하,10660.0,166.6,177.9,161.0,149.5,11.5
2012,전체근로자,30~39세,15979.0,176.5,272.0,236.2,221.5,14.7
2012,전체근로자,40~49세,17469.0,175.9,296.1,255.3,238.8,16.5
2012,전체근로자,50~59세,15886.0,175.4,269.1,236.4,221.1,15.3
2012,전체근로자,60세이상,11246.0,169.8,177.7,168.5,163.3,5.2
2012,전체근로자,전체,14967.0,173.7,252.7,221.6,207.5,14.1
2012,전체근로자(특수형태포함),29세이하,,,178.0,161.5,150.2,11.3
2012,전체근로자(특수형태포함),30~39세,,,268.2,234.0,220.0,14.0
2012,전체근로자(특수형태포함),40~49세,,,292.3,254.2,239.0,15.3
2012,전체근로자(특수형태포함),50~59세,,,267.7,236.6,222.2,14.5
2012,전체근로자(특수형태포함),60세이상,,,177.1,168.1,163.1,5.0
2012,전체근로자(특수형태포함),전체,,,251.1,221.5,208.1,13.4
2012,정규근로자,29세이하,11863.0,183.3,211.7,187.6,173.4,14.2
2012,정규근로자,30~39세,16624.0,181.5,291.2,250.1,234.2,15.9
2012,정규근로자,40~49세,18855.0,185.4,333.7,283.5,264.0,19.5
2012,정규근로자,50~59세,17686.0,189.0,317.2,272.8,253.1,19.7
2012,정규근로자,60세이상,13125.0,186.8,231.0,214.9,207.8,7.2
2012,정규근로자,전체,16403.0,184.4,290.3,250.2,233.4,16.8
2013,비정규근로자,29세이하,8646.0,127.6,110.3,108.2,101.6,6.6
2013,비정규근로자,30~39세,13423.0,141.4,168.7,163.5,154.5,9.0
2013,비정규근로자,40~49세,12876.0,133.1,154.0,150.6,145.1,5.4
2013,비정규근로자,50~59세,12415.0,134.2,153.8,150.3,145.4,4.8
2013,비정규근로자,60세이상,9946.0,143.0,128.8,126.7,123.0,3.7
2013,비정규근로자,전체,11259.0,134.4,140.4,137.2,131.2,6.0
2013,비정규직근로자(특수형태포함),29세이하,,,115.5,113.5,107.3,6.2
2013,비정규직근로자(특수형태포함),30~39세,,,188.8,184.8,178.1,6.6
2013,비정규직근로자(특수형태포함),40~49세,,,199.1,196.3,192.5,3.8
2013,비정규직근로자(특수형태포함),50~59세,,,185.5,182.4,178.6,3.9
2013,비정규직근로자(특수형태포함),60세이상,,,130.9,128.9,125.6,3.3
2013,비정규직근로자(특수형태포함),전체,,,165.4,162.6,157.8,4.8
2013,전체근로자,29세이하,11292.0,160.3,181.5,164.2,151.8,12.4
2013,전체근로자,30~39세,16903.0,170.9,278.0,241.0,225.2,15.8
2013,전체근로자,40~49세,18667.0,170.2,305.3,262.5,245.6,16.9
2013,전체근로자,50~59세,17552.0,169.7,286.4,249.3,232.7,16.6
2013,전체근로자,60세이상,12144.0,163.1,187.1,177.3,172.0,5.3
2013,전체근로자,전체,16067.0,167.9,261.7,228.8,214.0,14.9
2013,전체근로자(특수형태포함),29세이하,,,181.7,164.7,152.6,12.1
2013,전체근로자(특수형태포함),30~39세,,,276.4,241.1,225.9,15.1
2013,전체근로자(특수형태포함),40~49세,,,305.2,265.4,249.8,15.7
2013,전체근로자(특수형태포함),50~59세,,,287.8,252.9,237.3,15.6
2013,전체근로자(특수형태포함),60세이상,,,185.1,175.8,170.7,5.0
2013,전체근로자(특수형태포함),전체,,,262.1,231.0,216.9,14.1
2013,정규근로자,29세이하,12628.0,176.9,217.5,192.4,177.1,15.3
2013,정규근로자,30~39세,17430.0,175.3,294.5,252.7,235.8,16.9
2013,정규근로자,40~49세,19970.0,178.5,339.4,287.7,268.2,19.5
2013,정규근로자,50~59세,19345.0,182.1,332.7,283.9,263.1,20.7
2013,정규근로자,60세이상,14142.0,181.5,240.1,223.3,216.5,6.8
2013,정규근로자,전체,17525.0,178.0,298.5,256.6,239.0,17.6
2014,비정규근로자,29세이하,8776.0,122.0,106.1,104.6,97.3,7.3
2014,비정규근로자,30~39세,13489.0,137.6,161.2,157.2,146.4,10.7
2014,비정규근로자,40~49세,13270.0,125.4,146.6,143.1,136.3,6.8
2014,비정규근로자,50~59세,12533.0,127.3,143.5,140.1,133.7,6.4
2014,비정규근로자,60세이상,10135.0,135.9,119.6,117.9,113.5,4.4
2014,비정규근로자,전체,11463.0,128.3,133.3,130.5,123.4,7.1
2014,비정규직근로자(특수형태포함),29세이하,,,111.5,110.0,103.1,6.9
2014,비정규직근로자(특수형태포함),30~39세,,,181.6,178.5,170.2,8.3
2014,비정규직근로자(특수형태포함),40~49세,,,180.5,177.9,172.8,5.1
2014,비정규직근로자(특수형태포함),50~59세,,,165.9,163.0,157.7,5.3
2014,비정규직근로자(특수형태포함),60세이상,,,122.6,121.0,117.0,4.0
2014,비정규직근로자(특수형태포함),전체,,,153.1,150.7,144.7,6.0
2014,전체근로자,29세이하,11859.0,158.3,190.1,170.0,156.3,13.6
2014,전체근로자,30~39세,17978.0,170.0,296.1,253.7,236.7,17.1
2014,전체근로자,40~49세,19511.0,167.6,316.9,271.8,254.9,16.9
2014,전체근로자,50~59세,17648.0,165.8,282.8,249.2,233.5,15.6
2014,전체근로자,60세이상,12307.0,158.6,183.4,173.9,167.9,6.0
2014,전체근로자,전체,16701.0,165.5,270.0,235.3,220.0,15.3
2014,전체근로자(특수형태포함),29세이하,,,190.2,170.5,157.2,13.3
2014,전체근로자(특수형태포함),30~39세,,,294.2,253.6,237.2,16.4
2014,전체근로자(특수형태포함),40~49세,,,314.7,272.3,256.4,15.9
2014,전체근로자(특수형태포함),50~59세,,,282.7,250.9,236.1,14.8
2014,전체근로자(특수형태포함),60세이상,,,182.2,173.1,167.3,5.7
2014,전체근로자(특수형태포함),전체,,,269.5,236.3,221.7,14.6
2014,정규근로자,29세이하,13460.0,177.1,233.6,203.9,187.0,16.9
2014,정규근로자,30~39세,18724.0,175.4,318.5,269.8,251.7,18.1
2014,정규근로자,40~49세,21011.0,177.8,357.9,302.7,283.4,19.4
2014,정규근로자,50~59세,19714.0,181.4,339.1,293.2,273.9,19.3
2014,정규근로자,60세이상,14438.0,180.9,246.0,228.8,221.3,7.6
2014,정규근로자,전체,18426.0,177.7,315.1,269.8,251.8,18.0
2015,비정규근로자,29세이하,8660.0,122.8,107.7,105.9,98.8,7.1
2015,비정규근로자,30~39세,13521.0,143.4,169.0,164.1,153.4,10.7
2015,비정규근로자,40~49세,13519.0,128.5,151.4,147.4,141.7,5.7
2015,비정규근로자,50~59세,12464.0,131.3,146.8,143.4,138.3,5.1
2015,비정규근로자,60세이상,10190.0,139.1,125.4,123.7,119.9,3.9
2015,비정규근로자,전체,11452.0,131.6,137.2,134.2,127.8,6.4
2015,비정규직근로자(특수형태포함),29세이하,,,113.0,111.3,104.7,6.6
2015,비정규직근로자(특수형태포함),30~39세,,,185.1,181.1,172.9,8.3
2015,비정규직근로자(특수형태포함),40~49세,,,186.8,183.7,179.4,4.3
2015,비정규직근로자(특수형태포함),50~59세,,,170.3,167.3,163.1,4.2
2015,비정규직근로자(특수형태포함),60세이상,,,131.8,130.2,126.6,3.5
2015,비정규직근로자(특수형태포함),전체,,,157.0,154.3,149.0,5.4
2015,전체근로자,29세이하,11134.0,164.6,186.9,171.8,158.5,13.3
2015,전체근로자,30~39세,16892.0,180.1,296.3,258.7,241.2,17.5
2015,전체근로자,40~49세,18860.0,176.4,326.4,280.7,263.4,17.2
2015,전체근로자,50~59세,17094.0,173.2,290.8,257.2,241.7,15.4
2015,전체근로자,60세이상,12099.0,163.9,190.8,181.2,175.4,5.8
2015,전체근로자,전체,15978.0,173.5,274.0,241.5,226.2,15.3
2015,전체근로자(특수형태포함),29세이하,,,187.0,172.3,159.3,13.0
2015,전체근로자(특수형태포함),30~39세,,,294.1,258.0,241.1,16.8
2015,전체근로자(특수형태포함),40~49세,,,324.3,281.2,265.0,16.2
2015,전체근로자(특수형태포함),50~59세,,,290.5,258.7,244.1,14.6
2015,전체근로자(특수형태포함),60세이상,,,191.2,182.0,176.5,5.5
2015,전체근로자(특수형태포함),전체,,,273.4,242.4,227.8,14.6
2015,정규근로자,29세이하,12452.0,186.8,229.1,207.0,190.4,16.6
2015,정규근로자,30~39세,17457.0,186.2,317.7,274.6,255.9,18.7
2015,정규근로자,40~49세,20059.0,187.2,365.7,310.5,290.7,19.8
2015,정규근로자,50~59세,18910.0,189.6,347.3,301.8,282.3,19.5
2015,정규근로자,60세이상,14038.0,189.1,257.1,239.5,231.8,7.8
2015,정규근로자,전체,17480.0,187.4,319.4,277.1,258.9,18.2
2016,비정규근로자,29세이하,9161.0,122.8,114.4,112.6,104.7,7.8
2016,비정규근로자,30~39세,13860.0,144.0,179.8,173.1,161.4,11.7
2016,비정규근로자,40~49세,14217.0,126.4,160.9,155.4,147.9,7.5
2016,비정규근로자,50~59세,13362.0,125.5,152.5,149.4,143.4,6.0
2016,비정규근로자,60세이상,10922.0,134.5,131.9,130.1,125.9,4.2
2016,비정규근로자,전체,12076.0,129.3,144.5,141.1,133.8,7.3
2016,비정규직근로자(특수형태포함),29세이하,,,119.0,117.3,110.0,7.3
2016,비정규직근로자(특수형태포함),30~39세,,,194.0,188.8,179.8,9.0
2016,비정규직근로자(특수형태포함),40~49세,,,195.7,191.6,186.1,5.4
2016,비정규직근로자(특수형태포함),50~59세,,,178.2,175.6,170.7,4.9
2016,비정규직근로자(특수형태포함),60세이상,,,138.5,136.8,133.0,3.8
2016,비정규직근로자(특수형태포함),전체,,,164.3,161.3,155.3,6.0
2016,전체근로자,29세이하,11674.0,163.1,194.2,178.6,165.7,12.8
2016,전체근로자,30~39세,17749.0,177.8,309.4,267.1,249.9,17.2
2016,전체근로자,40~49세,19575.0,174.7,335.7,289.9,272.6,17.2
2016,전체근로자,50~59세,17860.0,170.4,299.3,265.9,250.2,15.8
2016,전체근로자,60세이상,12874.0,159.6,198.5,189.5,183.5,5.9
2016,전체근로자,전체,16709.0,171.1,283.3,249.8,234.7,15.1
2016,전체근로자(특수형태포함),29세이하,,,193.9,178.6,166.1,12.5
2016,전체근로자(특수형태포함),30~39세,,,306.7,266.1,249.5,16.6
2016,전체근로자(특수형태포함),40~49세,,,332.8,289.7,273.5,16.2
2016,전체근로자(특수형태포함),50~59세,,,298.7,267.3,252.5,14.8
2016,전체근로자(특수형태포함),60세이상,,,198.8,190.2,184.5,5.7
2016,전체근로자(특수형태포함),전체,,,282.3,250.3,235.9,14.4
2016,정규근로자,29세이하,12975.0,183.9,235.5,212.7,197.3,15.4
2016,정규근로자,30~39세,18382.0,183.3,330.5,282.4,264.3,18.1
2016,정규근로자,40~49세,20682.0,184.7,371.8,317.7,298.4,19.2
2016,정규근로자,50~59세,19565.0,187.5,355.0,310.1,290.6,19.5
2016,정규근로자,60세이상,14831.0,184.8,265.3,249.0,241.3,7.7
2016,정규근로자,전체,18212.0,184.7,328.3,285.0,267.4,17.7
2017,비정규근로자,29세이하,9861.0,116.8,116.6,114.9,107.2,7.7
2017,비정규근로자,30~39세,14694.0,140.5,184.5,179.0,166.8,12.1
2017,비정규근로자,40~49세,15237.0,124.2,168.3,163.6,157.6,6.0
2017,비정규근로자,50~59세,14406.0,121.6,159.8,156.3,151.0,5.4
2017,비정규근로자,60세이상,12193.0,130.1,140.1,138.3,133.8,4.5
2017,비정규근로자,전체,13053.0,125.1,150.6,147.3,140.3,7.0
2017,비정규직근로자(특수형태포함),29세이하,,,122.9,121.3,114.1,7.1
2017,비정규직근로자(특수형태포함),30~39세,,,198.6,194.3,184.8,9.5
2017,비정규직근로자(특수형태포함),40~49세,,,195.2,191.6,187.1,4.5
2017,비정규직근로자(특수형태포함),50~59세,,,181.4,178.3,173.9,4.5
2017,비정규직근로자(특수형태포함),60세이상,,,147.0,145.2,141.1,4.1
2017,비정규직근로자(특수형태포함),전체,,,168.0,165.1,159.3,5.8
2017,전체근로자,29세이하,12179.0,159.5,197.9,183.0,170.0,13.0
2017,전체근로자,30~39세,18280.0,175.8,313.6,275.9,257.3,18.6
2017,전체근로자,40~49세,20279.0,172.1,342.0,299.1,281.4,17.7
2017,전체근로자,50~59세,18923.0,168.2,313.4,277.3,260.4,16.9
2017,전체근로자,60세이상,13722.0,157.7,206.9,197.9,191.6,6.3
2017,전체근로자,전체,17381.0,168.5,289.6,257.8,241.9,15.8
2017,전체근로자(특수형태포함),29세이하,,,197.9,183.4,170.8,12.7
2017,전체근로자(특수형태포함),30~39세,,,310.9,274.7,256.9,17.8
2017,전체근로자(특수형태포함),40~49세,,,338.2,297.8,281.1,16.7
2017,전체근로자(특수형태포함),50~59세,,,311.9,277.7,261.7,16.0
2017,전체근로자(특수형태포함),60세이상,,,207.3,198.7,192.7,6.0
2017,전체근로자(특수형태포함),전체,,,288.2,257.8,242.7,15.1
2017,정규근로자,29세이하,13412.0,182.3,241.1,219.2,203.3,15.8
2017,정규근로자,30~39세,18920.0,182.1,336.6,293.1,273.4,19.8
2017,정규근로자,40~49세,21430.0,183.1,381.6,330.1,309.7,20.4
2017,정규근로자,50~59세,20609.0,185.6,370.7,322.5,301.3,21.2
2017,정규근로자,60세이상,15083.0,182.2,266.3,251.0,243.1,7.9
2017,정규근로자,전체,18835.0,183.1,336.3,294.9,276.1,18.8
2018,비정규근로자,29세이하,11195.0,109.6,125.4,123.4,115.2,8.1
2018,비정규근로자,30~39세,15823.0,127.8,186.1,180.6,168.9,11.7
2018,비정규근로자,40~49세,16771.0,113.4,174.4,170.1,164.6,5.5
2018,비정규근로자,50~59세,16064.0,113.4,168.5,164.8,160.2,4.6
2018,비정규근로자,60세이상,13425.0,121.9,152.0,150.0,145.3,4.7
2018,비정규근로자,전체,14492.0,116.3,158.8,155.4,148.7,6.7
2018,비정규직근로자(특수형태포함),29세이하,,,131.7,129.7,122.3,7.5
2018,비정규직근로자(특수형태포함),30~39세,,,198.8,194.5,185.3,9.1
2018,비정규직근로자(특수형태포함),40~49세,,,200.0,196.7,192.6,4.1
2018,비정규직근로자(특수형태포함),50~59세,,,190.5,187.5,183.7,3.8
2018,비정규직근로자(특수형태포함),60세이상,,,159.2,157.4,153.1,4.3
2018,비정규직근로자(특수형태포함),전체,,,175.5,172.7,167.1,5.6
2018,전체근로자,29세이하,13935.0,149.1,211.6,196.0,182.6,13.4
2018,전체근로자,30~39세,20530.0,162.5,327.2,287.2,268.2,19.1
2018,전체근로자,40~49세,22730.0,159.2,356.0,311.9,294.0,17.9
2018,전체근로자,50~59세,21043.0,157.1,325.5,289.6,272.6,17.0
2018,전체근로자,60세이상,15552.0,146.1,221.9,213.0,206.2,6.7
2018,전체근로자,전체,19522.0,156.4,302.8,270.2,254.2,16.0
2018,전체근로자(특수형태포함),29세이하,,,211.3,196.2,183.1,13.0
2018,전체근로자(특수형태포함),30~39세,,,323.8,285.4,267.2,18.3
2018,전체근로자(특수형태포함),40~49세,,,351.7,310.1,293.2,16.9
2018,전체근로자(특수형태포함),50~59세,,,323.1,289.2,273.3,16.0
2018,전체근로자(특수형태포함),60세이상,,,222.2,213.7,207.3,6.4
2018,전체근로자(특수형태포함),전체,,,300.8,269.7,254.4,15.3
2018,정규근로자,29세이하,15288.0,168.5,254.1,231.8,215.8,16.0
2018,정규근로자,30~39세,21387.0,168.8,352.9,306.6,286.2,20.4
2018,정규근로자,40~49세,24093.0,169.7,397.5,344.4,323.7,20.7
2018,정규근로자,50~59세,22802.0,172.5,381.0,333.6,312.3,21.3
2018,정규근로자,60세이상,17521.0,168.4,286.6,271.3,262.6,8.6
2018,정규근로자,전체,21203.0,169.7,351.0,308.6,289.4,19.1
2019,비정규근로자,29세이하,12064.0,105.6,131.5,129.7,121.4,8.3
2019,비정규근로자,30~39세,16834.0,123.5,193.9,188.3,176.5,11.8
2019,비정규근로자,40~49세,17430.0,110.1,178.8,174.4,169.3,5.1
2019,비정규근로자,50~59세,17213.0,109.4,174.4,170.6,166.4,4.2
2019,비정규근로자,60세이상,14819.0,115.8,157.8,155.9,151.5,4.4
2019,비정규근로자,전체,15472.0,112.1,164.3,161.1,154.6,6.5
2019,비정규직근로자(특수형태포함),29세이하,,,136.9,135.2,127.6,7.6
2019,비정규직근로자(특수형태포함),30~39세,,,204.3,199.8,190.4,9.4
2019,비정규직근로자(특수형태포함),40~49세,,,206.5,203.2,199.3,3.8
2019,비정규직근로자(특수형태포함),50~59세,,,199.2,196.1,192.8,3.4
2019,비정규직근로자(특수형태포함),60세이상,,,164.2,162.5,158.5,4.0
2019,비정규직근로자(특수형태포함),전체,,,181.1,178.3,173.0,5.4
2019,전체근로자,29세이하,14917.0,145.3,222.2,206.6,193.3,13.3
2019,전체근로자,30~39세,21451.0,158.9,337.3,296.5,278.0,18.5
2019,전체근로자,40~49세,23750.0,156.1,368.8,323.6,306.1,17.5
2019,전체근로자,50~59세,22410.0,152.8,340.4,303.5,287.7,15.8
2019,전체근로자,60세이상,16760.0,140.9,231.0,222.1,215.7,6.5
2019,전체근로자,전체,20573.0,152.4,313.8,280.8,265.4,15.4
2019,전체근로자(특수형태포함),29세이하,,,221.5,206.3,193.4,13.0
2019,전체근로자(특수형태포함),30~39세,,,333.8,294.6,276.7,17.8
2019,전체근로자(특수형태포함),40~49세,,,364.5,321.7,305.2,16.5
2019,전체근로자(특수형태포함),50~59세,,,338.0,303.1,288.3,14.9
2019,전체근로자(특수형태포함),60세이상,,,230.6,222.1,216.0,6.1
2019,전체근로자(특수형태포함),전체,,,311.5,280.0,265.4,14.7
2019,정규근로자,29세이하,16277.0,164.1,265.5,243.3,227.5,15.7
2019,정규근로자,30~39세,22250.0,165.1,362.1,315.2,295.5,19.7
2019,정규근로자,40~49세,25057.0,165.6,408.1,354.4,334.4,20.0
2019,정규근로자,50~59세,24069.0,166.7,393.4,345.9,326.4,19.5
2019,정규근로자,60세이상,18421.0,162.4,293.6,278.8,270.5,8.2
2019,정규근로자,전체,22193.0,165.2,361.2,318.8,300.6,18.2
2020,비정규근로자,29세이하,11537.0,106.5,125.7,124.0,117.7,6.3
2020,비정규근로자,30~39세,16029.0,131.2,195.7,190.2,180.0,10.2
2020,비정규근로자,40~49세,17079.0,111.7,177.0,172.5,167.0,5.5
2020,비정규근로자,50~59세,16777.0,109.4,171.3,167.9,163.8,4.0
2020,비정규근로자,60세이상,14647.0,118.0,158.6,156.5,151.2,5.2
2020,비정규근로자,전체,15015.0,114.0,162.0,158.8,152.9,5.9
2020,비정규직근로자(특수형태포함),29세이하,,,131.7,130.2,124.4,5.7
2020,비정규직근로자(특수형태포함),30~39세,,,211.9,207.7,199.9,7.8
2020,비정규직근로자(특수형태포함),40~49세,,,210.6,207.2,203.2,4.0
2020,비정규직근로자(특수형태포함),50~59세,,,200.3,197.6,194.3,3.2
2020,비정규직근로자(특수형태포함),60세이상,,,169.1,167.2,162.5,4.6
2020,비정규직근로자(특수형태포함),전체,,,182.8,180.1,175.2,4.9
2020,전체근로자,29세이하,13899.0,155.7,222.1,207.6,195.3,12.3
2020,전체근로자,30~39세,19708.0,173.4,338.7,301.8,284.8,17.1
2020,전체근로자,40~49세,22278.0,168.8,376.7,333.6,317.1,16.5
2020,전체근로자,50~59세,21312.0,162.0,346.6,308.9,294.2,14.7
2020,전체근로자,60세이상,16419.0,148.4,240.6,231.3,224.7,6.6
2020,전체근로자,전체,19316.0,163.6,318.0,286.6,272.3,14.3
2020,전체근로자(특수형태포함),29세이하,,,221.0,207.0,195.1,11.9
2020,전체근로자(특수형태포함),30~39세,,,335.6,300.3,283.9,16.4
2020,전체근로자(특수형태포함),40~49세,,,372.7,332.0,316.4,15.6
2020,전체근로자(특수형태포함),50~59세,,,344.7,309.2,295.4,13.8
2020,전체근로자(특수형태포함),60세이상,,,241.2,232.4,226.2,6.2
2020,전체근로자(특수형태포함),전체,,,316.1,286.2,272.7,13.6
2020,정규근로자,29세이하,15110.0,180.9,271.4,250.4,235.0,15.4
2020,정규근로자,30~39세,20343.0,180.6,363.4,321.1,302.8,18.3
2020,정규근로자,40~49세,23337.0,180.4,417.4,366.4,347.7,18.7
2020,정규근로자,50~59세,22845.0,179.7,405.9,356.5,338.2,18.3
2020,정규근로자,60세이상,17920.0,174.2,309.9,294.6,287.0,7.7
2020,정규근로자,전체,20731.0,179.8,369.3,328.6,311.6,17.0
2021,비정규근로자,29세이하,11764.0,107.9,129.8,128.5,120.8,7.7
2021,비정규근로자,30~39세,16593.0,133.2,204.2,199.0,186.1,12.9
2021,비정규근로자,40~49세,17765.0,113.3,183.9,179.4,173.3,6.0
2021,비정규근로자,50~59세,17425.0,109.4,177.3,173.8,169.7,4.0
2021,비정규근로자,60세이상,15105.0,120.0,165.9,163.6,158.3,5.2
2021,비정규근로자,전체,15482.0,115.4,168.1,164.9,158.3,6.7
2021,비정규직근로자(특수형태포함),29세이하,,,137.1,135.9,128.9,7.0
2021,비정규직근로자(특수형태포함),30~39세,,,218.7,214.6,204.5,10.1
2021,비정규직근로자(특수형태포함),40~49세,,,213.9,210.5,206.0,4.5
2021,비정규직근로자(특수형태포함),50~59세,,,205.8,203.0,199.8,3.2
2021,비정규직근로자(특수형태포함),60세이상,,,177.1,175.0,170.4,4.6
2021,비정규직근로자(특수형태포함),전체,,,187.9,185.3,179.8,5.5
2021,전체근로자,29세이하,14230.0,155.0,226.5,213.2,199.9,13.4
2021,전체근로자,30~39세,20185.0,174.3,348.7,313.6,294.3,19.3
2021,전체근로자,40~49세,22699.0,169.9,385.3,344.6,326.3,18.3
2021,전체근로자,50~59세,21952.0,163.7,361.0,324.0,307.6,16.5
2021,전체근로자,60세이상,17073.0,149.1,251.1,242.0,234.9,7.1
2021,전체근로자,전체,19806.0,164.2,327.1,297.4,281.6,15.8
2021,전체근로자(특수형태포함),29세이하,,,226.1,213.3,200.3,12.9
2021,전체근로자(특수형태포함),30~39세,,,345.5,311.9,293.3,18.6
2021,전체근로자(특수형태포함),40~49세,,,380.9,342.4,325.0,17.3
2021,전체근로자(특수형태포함),50~59세,,,358.3,323.6,308.1,15.5
2021,전체근로자(특수형태포함),60세이상,,,251.6,243.0,236.3,6.7
2021,전체근로자(특수형태포함),전체,,,325.0,296.7,281.7,15.0
2021,정규근로자,29세이하,15543.0,180.1,277.9,258.3,241.9,16.4
2021,정규근로자,30~39세,20803.0,181.3,373.5,333.4,312.9,20.4
2021,정규근로자,40~49세,23674.0,181.0,425.1,377.3,356.5,20.7
2021,정규근로자,50~59세,23395.0,181.0,419.5,371.9,351.5,20.4
2021,정규근로자,60세이상,18703.0,173.2,321.7,307.0,298.4,8.6
2021,정규근로자,전체,21230.0,180.2,379.5,341.0,322.2,18.8
2022,비정규근로자,29세이하,13176.0,105.6,144.6,142.1,132.2,9.9
2022,비정규근로자,30~39세,18427.0,127.3,218.6,211.9,197.3,14.5
2022,비정규근로자,40~49세,19625.0,109.9,201.0,194.0,185.8,8.3
2022,비정규근로자,50~59세,19358.0,105.8,192.6,187.1,181.4,5.7
2022,비정규근로자,60세이상,16575.0,114.6,175.1,172.7,166.4,6.3
2022,비정규근로자,전체,17233.0,111.7,182.6,178.2,169.9,8.3
2022,비정규직근로자(특수형태포함),29세이하,,,150.5,148.2,139.0,9.2
2022,비정규직근로자(특수형태포함),30~39세,,,226.7,221.2,209.1,12.0
2022,비정규직근로자(특수형태포함),40~49세,,,229.4,223.9,217.5,6.4
2022,비정규직근로자(특수형태포함),50~59세,,,219.0,214.4,209.8,4.6
2022,비정규직근로자(특수형태포함),60세이상,,,185.5,183.3,177.6,5.7
2022,비정규직근로자(특수형태포함),전체,,,200.0,196.2,189.1,7.1
2022,전체근로자,29세이하,16248.0,147.8,247.1,230.2,214.4,15.8
2022,전체근로자,30~39세,22986.0,163.2,371.0,329.6,308.6,20.9
2022,전체근로자,40~49세,26272.0,160.0,419.5,369.6,348.5,21.1
2022,전체근로자,50~59세,25135.0,155.1,390.9,347.6,328.1,19.5
2022,전체근로자,60세이상,18901.0,141.6,264.5,254.7,246.3,8.4
2022,전체근로자,전체,22651.0,154.9,352.6,317.2,299.2,18.0
2022,전체근로자(특수형태포함),29세이하,,,246.6,230.1,214.7,15.4
2022,전체근로자(특수형태포함),30~39세,,,367.9,327.7,307.4,20.3
2022,전체근로자(특수형태포함),40~49세,,,415.7,367.9,347.7,20.2
2022,전체근로자(특수형태포함),50~59세,,,387.9,346.8,328.3,18.5
2022,전체근로자(특수형태포함),60세이상,,,265.4,256.1,248.1,8.0
2022,전체근로자(특수형태포함),전체,,,350.6,316.6,299.4,17.2
2022,정규근로자,29세이하,17727.0,168.2,296.5,272.6,254.0,18.6
2022,정규근로자,30~39세,23770.0,169.4,397.2,349.8,327.8,22.0
2022,정규근로자,40~49세,27523.0,169.4,460.6,402.6,379.1,23.5
2022,정규근로자,50~59세,26923.0,170.4,452.2,397.2,373.5,23.7
2022,정규근로자,60세이상,20905.0,164.8,341.4,325.3,315.1,10.2
2022,정규근로자,전체,24409.0,169.0,407.8,362.3,341.2,21.1
2023,비정규근로자,29세이하,13472.0,105.8,148.0,145.4,136.2,9.2
2023,비정규근로자,30~39세,18725.0,131.4,233.2,225.5,210.9,14.6
2023,비정규근로자,40~49세,20326.0,111.6,215.0,207.8,199.9,7.9
2023,비정규근로자,50~59세,19878.0,107.8,202.4,197.6,191.7,5.9
2023,비정규근로자,60세이상,17054.0,108.0,172.6,170.1,164.6,5.5
2023,비정규근로자,전체,17586.0,111.0,187.6,183.2,175.3,7.9
2023,비정규직근로자(특수형태포함),29세이하,,,154.2,151.8,143.3,8.5
2023,비정규직근로자(특수형태포함),30~39세,,,244.3,238.0,225.9,12.0
2023,비정규직근로자(특수형태포함),40~49세,,,242.7,237.1,230.9,6.2
2023,비정규직근로자(특수형태포함),50~59세,,,230.8,226.9,222.0,4.9
2023,비정규직근로자(특수형태포함),60세이상,,,183.9,181.6,176.5,5.1
2023,비정규직근로자(특수형태포함),전체,,,206.1,202.3,195.5,6.8
2023,전체근로자,29세이하,16625.0,150.3,258.0,239.7,224.2,15.5
2023,전체근로자,30~39세,23580.0,168.2,392.9,347.1,325.6,21.5
2023,전체근로자,40~49세,26818.0,164.3,440.6,385.7,363.5,22.2
2023,전체근로자,50~59세,25374.0,158.7,404.3,360.2,340.4,19.8
2023,전체근로자,60세이상,18876.0,139.0,261.2,251.8,243.6,8.2
2023,전체근로자,전체,22878.0,157.6,364.0,326.7,308.5,18.2
2023,전체근로자(특수형태포함),29세이하,,,257.1,239.3,224.3,15.0
2023,전체근로자(특수형태포함),30~39세,,,389.8,345.5,324.6,20.8
2023,전체근로자(특수형태포함),40~49세,,,436.1,383.7,362.5,21.2
2023,전체근로자(특수형태포함),50~59세,,,402.4,360.4,341.6,18.8
2023,전체근로자(특수형태포함),60세이상,,,263.6,254.6,246.7,7.9
2023,전체근로자(특수형태포함),전체,,,362.4,326.6,309.1,17.5
2023,정규근로자,29세이하,18302.0,174.0,316.6,289.9,271.1,18.8
2023,정규근로자,30~39세,24481.0,175.1,422.5,369.7,346.8,22.8
2023,정규근로자,40~49세,28132.0,174.9,486.2,421.7,396.6,25.1
2023,정규근로자,50~59세,27182.0,175.4,470.8,413.7,389.3,24.4
2023,정규근로자,60세이상,20744.0,170.9,351.9,335.6,324.6,11.0
2023,정규근로자,전체,24799.0,174.5,428.0,378.7,356.8,22.0
2024,비정규근로자,29세이하,14215.0,100.3,149.8,147.6,137.4,10.2
2024,비정규근로자,30~39세,19628.0,124.3,235.8,229.5,214.0,15.5
2024,비정규근로자,40~49세,21355.0,105.5,218.7,211.8,204.3,7.5
2024,비정규근로자,50~59세,20763.0,103.1,205.3,200.9,195.1,5.8
2024,비정규근로자,60세이상,17781.0,104.1,177.9,175.1,169.3,5.8
2024,비정규근로자,전체,18404.0,105.8,190.9,186.8,178.7,8.2
2024,비정규직근로자(특수형태포함),29세이하,,,157.3,155.3,145.8,9.5
2024,비정규직근로자(특수형태포함),30~39세,,,244.7,239.5,226.6,12.9
2024,비정규직근로자(특수형태포함),40~49세,,,243.8,238.3,232.5,5.9
2024,비정규직근로자(특수형태포함),50~59세,,,234.6,231.0,226.3,4.7
2024,비정규직근로자(특수형태포함),60세이상,,,189.4,186.9,181.5,5.4
2024,비정규직근로자(특수형태포함),전체,,,208.9,205.5,198.4,7.1
2024,전체근로자,29세이하,17997.0,139.3,260.1,243.8,227.5,16.3
2024,전체근로자,30~39세,25928.0,155.9,400.6,356.7,334.5,22.2
2024,전체근로자,40~49세,29664.0,152.9,454.4,399.8,376.5,23.3
2024,전체근로자,50~59세,27947.0,148.6,417.3,373.4,353.1,20.3
2024,전체근로자,60세이상,20661.0,131.0,272.0,262.7,254.3,8.4
2024,전체근로자,전체,25156.0,146.8,373.7,337.4,318.6,18.8
2024,전체근로자(특수형태포함),29세이하,,,259.7,243.9,228.1,15.8
2024,전체근로자(특수형태포함),30~39세,,,397.0,354.6,333.0,21.5
2024,전체근로자(특수형태포함),40~49세,,,449.2,397.0,374.7,22.3
2024,전체근로자(특수형태포함),50~59세,,,414.6,373.0,353.8,19.2
2024,전체근로자(특수형태포함),60세이상,,,274.2,265.3,257.2,8.1
2024,전체근로자(특수형태포함),전체,,,371.7,336.9,318.9,18.0
2024,정규근로자,29세이하,20213.0,162.2,324.7,300.2,280.3,19.9
2024,정규근로자,30~39세,27132.0,161.9,432.0,381.0,357.5,23.5
2024,정규근로자,40~49세,31367.0,162.6,502.7,438.3,411.7,26.5
2024,정규근로자,50~59세,30285.0,163.4,486.3,429.6,404.6,25.0
2024,정규근로자,60세이상,23712.0,159.5,371.8,355.5,344.3,11.2
2024,정규근로자,전체,27703.0,162.2,442.7,394.2,371.4,22.8
2025,비정규근로자,29세이하,14558.0,100.1,153.2,151.4,140.4,11.0
2025,비정규근로자,30~39세,20089.0,123.0,238.7,232.0,215.6,16.4
2025,비정규근로자,40~49세,21822.0,105.7,224.2,216.8,208.7,8.2
2025,비정규근로자,50~59세,21101.0,102.8,207.7,203.1,197.0,6.2
2025,비정규근로자,60세이상,17696.0,101.5,174.7,172.0,165.6,6.4
2025,비정규근로자,전체,18635.0,104.8,192.1,188.0,179.2,8.8
2025,비정규직근로자(특수형태포함),29세이하,,,159.7,158.0,147.8,10.3
2025,비정규직근로자(특수형태포함),30~39세,,,245.2,239.5,225.6,13.9
2025,비정규직근로자(특수형태포함),40~49세,,,248.5,242.6,236.1,6.5
2025,비정규직근로자(특수형태포함),50~59세,,,237.8,234.1,229.0,5.1
2025,비정규직근로자(특수형태포함),60세이상,,,187.3,184.8,179.0,5.9
2025,비정규직근로자(특수형태포함),전체,,,209.9,206.4,198.7,7.7
2025,전체근로자,29세이하,18637.0,138.9,269.1,252.1,233.8,18.3
2025,전체근로자,30~39세,26548.0,155.8,409.3,367.6,342.3,25.3
2025,전체근로자,40~49세,30682.0,153.0,470.6,415.1,388.7,26.4
2025,전체근로자,50~59세,28808.0,148.8,431.1,384.9,362.9,22.1
2025,전체근로자,60세이상,20871.0,129.0,273.4,263.8,254.7,9.0
2025,전체근로자,전체,25839.0,146.3,383.4,346.9,326.1,20.8
2025,전체근로자(특수형태포함),29세이하,,,268.7,252.1,234.3,17.8
2025,전체근로자(특수형태포함),30~39세,,,405.8,365.2,340.6,24.6
2025,전체근로자(특수형태포함),40~49세,,,465.1,412.0,386.7,25.3
2025,전체근로자(특수형태포함),50~59세,,,428.1,384.2,363.3,20.9
2025,전체근로자(특수형태포함),60세이상,,,276.1,266.8,258.2,8.6
2025,전체근로자(특수형태포함),전체,,,381.4,346.3,326.3,20.0
2025,정규근로자,29세이하,21101.0,162.4,339.1,313.0,290.3,22.7
2025,정규근로자,30~39세,27809.0,162.2,442.7,394.1,367.0,27.0
2025,정규근로자,40~49세,32482.0,162.6,520.6,455.4,425.3,30.1
2025,정규근로자,50~59세,31218.0,163.1,501.0,441.8,414.8,27.0
2025,정규근로자,60세이상,24291.0,158.7,379.8,362.7,350.8,11.9
2025,정규근로자,전체,28599.0,162.1,456.7,407.8,382.4,25.5
