지표명,구분유형,sex,agegroup,값,단위,se,n,출처,통합연도
스트레스인지율,전체,,,25.7,%,0.004316359796054904,16833.0,KNHANES 제9기,2022+2023+2024
스트레스인지율,성별,1.0,,23.8,%,0.0062413136019882215,7299.0,KNHANES 제9기,2022+2023+2024
스트레스인지율,성별,2.0,,27.7,%,0.005472825889964979,9534.0,KNHANES 제9기,2022+2023+2024
스트레스인지율,연령대,,19-29,30.7,%,0.012102615464009904,1915.0,KNHANES 제9기,2022+2023+2024
스트레스인지율,연령대,,30-39,34.4,%,0.011120943260063066,1966.0,KNHANES 제9기,2022+2023+2024
스트레스인지율,연령대,,40-49,32.0,%,0.01036395141832036,2739.0,KNHANES 제9기,2022+2023+2024
스트레스인지율,연령대,,50-59,24.7,%,0.009626431830547682,3110.0,KNHANES 제9기,2022+2023+2024
스트레스인지율,연령대,,60-69,16.7,%,0.0070108123455837066,3688.0,KNHANES 제9기,2022+2023+2024
스트레스인지율,연령대,,70+,14.3,%,0.006834292872605805,3415.0,KNHANES 제9기,2022+2023+2024
스트레스인지율,성별×연령대,1.0,19-29,24.5,%,0.01675006549651796,877.0,KNHANES 제9기,2022+2023+2024
스트레스인지율,성별×연령대,1.0,30-39,30.7,%,0.01567714115973976,885.0,KNHANES 제9기,2022+2023+2024
스트레스인지율,성별×연령대,1.0,40-49,32.3,%,0.016827107712140695,1153.0,KNHANES 제9기,2022+2023+2024
스트레스인지율,성별×연령대,1.0,50-59,24.7,%,0.012971747709222966,1286.0,KNHANES 제9기,2022+2023+2024
스트레스인지율,성별×연령대,1.0,60-69,14.4,%,0.0101630770485848,1594.0,KNHANES 제9기,2022+2023+2024
스트레스인지율,성별×연령대,1.0,70+,10.7,%,0.008789308432291214,1504.0,KNHANES 제9기,2022+2023+2024
스트레스인지율,성별×연령대,2.0,19-29,37.5,%,0.016686824282485278,1038.0,KNHANES 제9기,2022+2023+2024
스트레스인지율,성별×연령대,2.0,30-39,38.6,%,0.014922634444736422,1081.0,KNHANES 제9기,2022+2023+2024
스트레스인지율,성별×연령대,2.0,40-49,31.6,%,0.01162329995915371,1586.0,KNHANES 제9기,2022+2023+2024
스트레스인지율,성별×연령대,2.0,50-59,24.8,%,0.012329665410734705,1824.0,KNHANES 제9기,2022+2023+2024
스트레스인지율,성별×연령대,2.0,60-69,18.8,%,0.009685064222619949,2094.0,KNHANES 제9기,2022+2023+2024
스트레스인지율,성별×연령대,2.0,70+,16.9,%,0.009797349618491536,1911.0,KNHANES 제9기,2022+2023+2024
우울장애유병률,전체,,,4.6,%,0.0023680139818560864,10317.0,KNHANES 제9기,2022+2024
우울장애유병률,성별,1.0,,3.5,%,0.0031385782808661636,4425.0,KNHANES 제9기,2022+2024
우울장애유병률,성별,2.0,,5.6,%,0.0033974128972951018,5892.0,KNHANES 제9기,2022+2024
우울장애유병률,연령대,,19-29,6.5,%,0.008048628851082614,1256.0,KNHANES 제9기,2022+2024
우울장애유병률,연령대,,30-39,5.8,%,0.006814141077565939,1204.0,KNHANES 제9기,2022+2024
우울장애유병률,연령대,,40-49,4.4,%,0.005163587876111227,1651.0,KNHANES 제9기,2022+2024
우울장애유병률,연령대,,50-59,3.9,%,0.004644231863338166,1858.0,KNHANES 제9기,2022+2024
우울장애유병률,연령대,,60-69,3.0,%,0.0046423572181564675,2233.0,KNHANES 제9기,2022+2024
우울장애유병률,연령대,,70+,3.8,%,0.004487869956669731,2115.0,KNHANES 제9기,2022+2024
우울장애유병률,성별×연령대,1.0,19-29,5.0,%,0.009530463695492495,573.0,KNHANES 제9기,2022+2024
우울장애유병률,성별×연령대,1.0,30-39,3.7,%,,543.0,KNHANES 제9기,2022+2024
우울장애유병률,성별×연령대,1.0,40-49,3.9,%,0.008078206231122731,675.0,KNHANES 제9기,2022+2024
우울장애유병률,성별×연령대,1.0,50-59,3.2,%,0.0072873483095607745,764.0,KNHANES 제9기,2022+2024
우울장애유병률,성별×연령대,1.0,60-69,2.9,%,0.0073784786706104135,953.0,KNHANES 제9기,2022+2024
우울장애유병률,성별×연령대,1.0,70+,1.5,%,0.003994356482372118,917.0,KNHANES 제9기,2022+2024
우울장애유병률,성별×연령대,2.0,19-29,8.3,%,,683.0,KNHANES 제9기,2022+2024
우울장애유병률,성별×연령대,2.0,30-39,8.2,%,,661.0,KNHANES 제9기,2022+2024
우울장애유병률,성별×연령대,2.0,40-49,5.0,%,0.007015654441110931,976.0,KNHANES 제9기,2022+2024
우울장애유병률,성별×연령대,2.0,50-59,4.6,%,0.006619752045219599,1094.0,KNHANES 제9기,2022+2024
우울장애유병률,성별×연령대,2.0,60-69,3.1,%,0.005685310913940758,1280.0,KNHANES 제9기,2022+2024
우울장애유병률,성별×연령대,2.0,70+,5.5,%,0.007093710848189496,1198.0,KNHANES 제9기,2022+2024
주중평균수면시간,전체,,,6.87,시간,0.016609445581378772,16652.0,KNHANES 제9기,2022+2023+2024
주중평균수면시간,성별,1.0,,6.88,시간,0.0188037239476676,7213.0,KNHANES 제9기,2022+2023+2024
주중평균수면시간,성별,2.0,,6.86,시간,0.021435904005652442,9439.0,KNHANES 제9기,2022+2023+2024
주중평균수면시간,연령대,,19-29,7.11,시간,0.036120058932599015,1915.0,KNHANES 제9기,2022+2023+2024
주중평균수면시간,연령대,,30-39,6.88,시간,0.03307602944382214,1965.0,KNHANES 제9기,2022+2023+2024
주중평균수면시간,연령대,,40-49,6.84,시간,0.0299635243051597,2738.0,KNHANES 제9기,2022+2023+2024
주중평균수면시간,연령대,,50-59,6.77,시간,0.025268393024873808,3109.0,KNHANES 제9기,2022+2023+2024
주중평균수면시간,연령대,,60-69,6.8,시간,0.026970592529415374,3633.0,KNHANES 제9기,2022+2023+2024
주중평균수면시간,연령대,,70+,6.85,시간,0.03856242051590345,3292.0,KNHANES 제9기,2022+2023+2024
주중평균수면시간,성별×연령대,1.0,19-29,7.12,시간,0.04474351583646798,877.0,KNHANES 제9기,2022+2023+2024
주중평균수면시간,성별×연령대,1.0,30-39,6.77,시간,0.04185201219566069,884.0,KNHANES 제9기,2022+2023+2024
주중평균수면시간,성별×연령대,1.0,40-49,6.74,시간,0.03818280014445737,1152.0,KNHANES 제9기,2022+2023+2024
주중평균수면시간,성별×연령대,1.0,50-59,6.77,시간,0.03405208050512113,1285.0,KNHANES 제9기,2022+2023+2024
주중평균수면시간,성별×연령대,1.0,60-69,6.88,시간,0.03722369309206845,1568.0,KNHANES 제9기,2022+2023+2024
주중평균수면시간,성별×연령대,1.0,70+,7.11,시간,0.04743752825520684,1447.0,KNHANES 제9기,2022+2023+2024
주중평균수면시간,성별×연령대,2.0,19-29,7.11,시간,0.05438879095343964,1038.0,KNHANES 제9기,2022+2023+2024
주중평균수면시간,성별×연령대,2.0,30-39,7.01,시간,0.04522005352216646,1081.0,KNHANES 제9기,2022+2023+2024
주중평균수면시간,성별×연령대,2.0,40-49,6.94,시간,0.03739497044947426,1586.0,KNHANES 제9기,2022+2023+2024
주중평균수면시간,성별×연령대,2.0,50-59,6.77,시간,0.03266992068317319,1824.0,KNHANES 제9기,2022+2023+2024
주중평균수면시간,성별×연령대,2.0,60-69,6.72,시간,0.03583444083966639,2065.0,KNHANES 제9기,2022+2023+2024
주중평균수면시간,성별×연령대,2.0,70+,6.67,시간,0.0467671647056622,1845.0,KNHANES 제9기,2022+2023+2024
EQ5D_불안우울문제,전체,,,21.7,%,0.004581708254648068,10919.0,KNHANES 제9기,2022+2024
EQ5D_불안우울문제,성별,1.0,,15.9,%,0.006122500990179647,4710.0,KNHANES 제9기,2022+2024
EQ5D_불안우울문제,성별,2.0,,27.4,%,0.006931913851231868,6209.0,KNHANES 제9기,2022+2024
EQ5D_불안우울문제,연령대,,19-29,23.6,%,0.01356370681539792,1308.0,KNHANES 제9기,2022+2024
EQ5D_불안우울문제,연령대,,30-39,20.6,%,0.012509230609890806,1294.0,KNHANES 제9기,2022+2024
EQ5D_불안우울문제,연령대,,40-49,22.2,%,0.010200550339780061,1772.0,KNHANES 제9기,2022+2024
EQ5D_불안우울문제,연령대,,50-59,22.3,%,0.010870317258530096,2013.0,KNHANES 제9기,2022+2024
EQ5D_불안우울문제,연령대,,60-69,20.7,%,0.009971650944104538,2325.0,KNHANES 제9기,2022+2024
EQ5D_불안우울문제,연령대,,70+,20.1,%,0.010228127964616847,2207.0,KNHANES 제9기,2022+2024
EQ5D_불안우울문제,성별×연령대,1.0,19-29,16.6,%,0.017045185319470274,593.0,KNHANES 제9기,2022+2024
EQ5D_불안우울문제,성별×연령대,1.0,30-39,14.6,%,,582.0,KNHANES 제9기,2022+2024
EQ5D_불안우울문제,성별×연령대,1.0,40-49,16.7,%,0.013425298980516474,733.0,KNHANES 제9기,2022+2024
EQ5D_불안우울문제,성별×연령대,1.0,50-59,18.1,%,0.014983847383162597,847.0,KNHANES 제9기,2022+2024
EQ5D_불안우울문제,성별×연령대,1.0,60-69,15.0,%,0.013582501450574247,998.0,KNHANES 제9기,2022+2024
EQ5D_불안우울문제,성별×연령대,1.0,70+,13.1,%,0.011876797239608243,957.0,KNHANES 제9기,2022+2024
EQ5D_불안우울문제,성별×연령대,2.0,19-29,31.4,%,,715.0,KNHANES 제9기,2022+2024
EQ5D_불안우울문제,성별×연령대,2.0,30-39,27.3,%,,712.0,KNHANES 제9기,2022+2024
EQ5D_불안우울문제,성별×연령대,2.0,40-49,27.9,%,0.015668030327072768,1039.0,KNHANES 제9기,2022+2024
EQ5D_불안우울문제,성별×연령대,2.0,50-59,26.6,%,0.014779231823153355,1166.0,KNHANES 제9기,2022+2024
EQ5D_불안우울문제,성별×연령대,2.0,60-69,26.1,%,0.012800715566394638,1327.0,KNHANES 제9기,2022+2024
EQ5D_불안우울문제,성별×연령대,2.0,70+,25.2,%,0.014187121201392604,1250.0,KNHANES 제9기,2022+2024
EQ5D_통증문제,전체,,,38.0,%,0.005399904540492006,10917.0,KNHANES 제9기,2022+2024
EQ5D_통증문제,성별,1.0,,32.0,%,0.0077640192916413895,4708.0,KNHANES 제9기,2022+2024
EQ5D_통증문제,성별,2.0,,44.0,%,0.0070963578480017645,6209.0,KNHANES 제9기,2022+2024
EQ5D_통증문제,연령대,,19-29,20.8,%,0.012796303103674491,1308.0,KNHANES 제9기,2022+2024
EQ5D_통증문제,연령대,,30-39,28.2,%,0.012562990188468516,1294.0,KNHANES 제9기,2022+2024
EQ5D_통증문제,연령대,,40-49,38.0,%,0.013280547041259872,1772.0,KNHANES 제9기,2022+2024
EQ5D_통증문제,연령대,,50-59,43.8,%,0.01334760029710879,2013.0,KNHANES 제9기,2022+2024
EQ5D_통증문제,연령대,,60-69,45.1,%,0.011770678396317857,2325.0,KNHANES 제9기,2022+2024
EQ5D_통증문제,연령대,,70+,53.3,%,0.012497608488006403,2205.0,KNHANES 제9기,2022+2024
EQ5D_통증문제,성별×연령대,1.0,19-29,17.3,%,0.01643662638123423,593.0,KNHANES 제9기,2022+2024
EQ5D_통증문제,성별×연령대,1.0,30-39,27.8,%,,582.0,KNHANES 제9기,2022+2024
EQ5D_통증문제,성별×연령대,1.0,40-49,35.5,%,0.01950608359976198,733.0,KNHANES 제9기,2022+2024
EQ5D_통증문제,성별×연령대,1.0,50-59,36.4,%,0.020372819678096045,847.0,KNHANES 제9기,2022+2024
EQ5D_통증문제,성별×연령대,1.0,60-69,36.1,%,0.01791470913610974,998.0,KNHANES 제9기,2022+2024
EQ5D_통증문제,성별×연령대,1.0,70+,41.2,%,0.017211396616274313,955.0,KNHANES 제9기,2022+2024
EQ5D_통증문제,성별×연령대,2.0,19-29,24.7,%,,715.0,KNHANES 제9기,2022+2024
EQ5D_통증문제,성별×연령대,2.0,30-39,28.6,%,,712.0,KNHANES 제9기,2022+2024
EQ5D_통증문제,성별×연령대,2.0,40-49,40.6,%,0.016520763806281456,1039.0,KNHANES 제9기,2022+2024
EQ5D_통증문제,성별×연령대,2.0,50-59,51.2,%,0.015512692861645997,1166.0,KNHANES 제9기,2022+2024
EQ5D_통증문제,성별×연령대,2.0,60-69,53.7,%,0.01563338519150264,1327.0,KNHANES 제9기,2022+2024
EQ5D_통증문제,성별×연령대,2.0,70+,62.1,%,0.015448440500969048,1250.0,KNHANES 제9기,2022+2024
유산소신체활동실천율,전체,,,48.7,%,0.005765973827299831,15732.0,KNHANES 제9기,2022+2023+2024
유산소신체활동실천율,성별,1.0,,51.6,%,0.007753675784655461,6763.0,KNHANES 제9기,2022+2023+2024
유산소신체활동실천율,성별,2.0,,45.9,%,0.007292107599192083,8969.0,KNHANES 제9기,2022+2023+2024
유산소신체활동실천율,연령대,,19-29,68.6,%,0.011988540252185903,1836.0,KNHANES 제9기,2022+2023+2024
유산소신체활동실천율,연령대,,30-39,57.4,%,0.013213947601731729,1845.0,KNHANES 제9기,2022+2023+2024
유산소신체활동실천율,연령대,,40-49,48.3,%,0.011674549532675943,2551.0,KNHANES 제9기,2022+2023+2024
유산소신체활동실천율,연령대,,50-59,45.7,%,0.01075958946618606,2890.0,KNHANES 제9기,2022+2023+2024
유산소신체활동실천율,연령대,,60-69,41.6,%,0.010571753636198502,3467.0,KNHANES 제9기,2022+2023+2024
유산소신체활동실천율,연령대,,70+,28.4,%,0.00954359964043678,3143.0,KNHANES 제9기,2022+2023+2024
유산소신체활동실천율,성별×연령대,1.0,19-29,72.0,%,0.01681890440311917,846.0,KNHANES 제9기,2022+2023+2024
유산소신체활동실천율,성별×연령대,1.0,30-39,61.6,%,0.018160738950412925,826.0,KNHANES 제9기,2022+2023+2024
유산소신체활동실천율,성별×연령대,1.0,40-49,47.9,%,0.01609745905019361,1055.0,KNHANES 제9기,2022+2023+2024
유산소신체활동실천율,성별×연령대,1.0,50-59,46.0,%,0.01588626127840508,1165.0,KNHANES 제9기,2022+2023+2024
유산소신체활동실천율,성별×연령대,1.0,60-69,43.5,%,0.014738463245236748,1492.0,KNHANES 제9기,2022+2023+2024
유산소신체활동실천율,성별×연령대,1.0,70+,33.2,%,0.014232752921172664,1379.0,KNHANES 제9기,2022+2023+2024
유산소신체활동실천율,성별×연령대,2.0,19-29,64.7,%,0.015725535661732203,990.0,KNHANES 제9기,2022+2023+2024
유산소신체활동실천율,성별×연령대,2.0,30-39,52.7,%,0.017400765959186663,1019.0,KNHANES 제9기,2022+2023+2024
유산소신체활동실천율,성별×연령대,2.0,40-49,48.6,%,0.015097245219841623,1496.0,KNHANES 제9기,2022+2023+2024
유산소신체활동실천율,성별×연령대,2.0,50-59,45.3,%,0.01448421291859083,1725.0,KNHANES 제9기,2022+2023+2024
유산소신체활동실천율,성별×연령대,2.0,60-69,39.7,%,0.012793057057742634,1975.0,KNHANES 제9기,2022+2023+2024
유산소신체활동실천율,성별×연령대,2.0,70+,24.9,%,0.011815727778454405,1764.0,KNHANES 제9기,2022+2023+2024
현재흡연율,전체,,,17.1,%,0.0041887097221426795,16831.0,KNHANES 제9기,2022+2023+2024
현재흡연율,성별,1.0,,29.8,%,0.006872542541526655,7296.0,KNHANES 제9기,2022+2023+2024
현재흡연율,성별,2.0,,4.5,%,0.002817706636437831,9535.0,KNHANES 제9기,2022+2023+2024
현재흡연율,연령대,,19-29,17.9,%,0.010073654876059447,1915.0,KNHANES 제9기,2022+2023+2024
현재흡연율,연령대,,30-39,17.5,%,0.010202271148380786,1966.0,KNHANES 제9기,2022+2023+2024
현재흡연율,연령대,,40-49,21.9,%,0.009906663269889449,2739.0,KNHANES 제9기,2022+2023+2024
현재흡연율,연령대,,50-59,20.6,%,0.008806916115014586,3109.0,KNHANES 제9기,2022+2023+2024
현재흡연율,연령대,,60-69,15.1,%,0.006828917710528512,3689.0,KNHANES 제9기,2022+2023+2024
현재흡연율,연령대,,70+,6.7,%,0.004797873464485414,3413.0,KNHANES 제9기,2022+2023+2024
현재흡연율,성별×연령대,1.0,19-29,27.4,%,0.016236291493480694,877.0,KNHANES 제9기,2022+2023+2024
현재흡연율,성별×연령대,1.0,30-39,28.1,%,0.016900022048976393,885.0,KNHANES 제9기,2022+2023+2024
현재흡연율,성별×연령대,1.0,40-49,38.2,%,0.016390721240881995,1153.0,KNHANES 제9기,2022+2023+2024
현재흡연율,성별×연령대,1.0,50-59,36.2,%,0.015138350424242145,1285.0,KNHANES 제9기,2022+2023+2024
현재흡연율,성별×연령대,1.0,60-69,27.8,%,0.01207285048611081,1595.0,KNHANES 제9기,2022+2023+2024
현재흡연율,성별×연령대,1.0,70+,14.5,%,0.010773599615565172,1501.0,KNHANES 제9기,2022+2023+2024
현재흡연율,성별×연령대,2.0,19-29,7.4,%,0.009126656470393228,1038.0,KNHANES 제9기,2022+2023+2024
현재흡연율,성별×연령대,2.0,30-39,5.6,%,0.007512310194528263,1081.0,KNHANES 제9기,2022+2023+2024
현재흡연율,성별×연령대,2.0,40-49,5.1,%,0.006289086915589842,1586.0,KNHANES 제9기,2022+2023+2024
현재흡연율,성별×연령대,2.0,50-59,4.9,%,0.0060140411692586535,1824.0,KNHANES 제9기,2022+2023+2024
현재흡연율,성별×연령대,2.0,60-69,2.9,%,0.004011396117694815,2094.0,KNHANES 제9기,2022+2023+2024
현재흡연율,성별×연령대,2.0,70+,1.0,%,0.002274557739776674,1912.0,KNHANES 제9기,2022+2023+2024
월간음주율,전체,,,60.0,%,0.005150908241295193,14989.0,KNHANES 제9기,2022+2023+2024
월간음주율,성별,1.0,,69.3,%,0.006496761670679453,6992.0,KNHANES 제9기,2022+2023+2024
월간음주율,성별,2.0,,49.6,%,0.006543681051658961,7997.0,KNHANES 제9기,2022+2023+2024
월간음주율,연령대,,19-29,65.5,%,0.012739093212889678,1847.0,KNHANES 제9기,2022+2023+2024
월간음주율,연령대,,30-39,64.7,%,0.013582685716913118,1912.0,KNHANES 제9기,2022+2023+2024
월간음주율,연령대,,40-49,67.4,%,0.010459244343977199,2651.0,KNHANES 제9기,2022+2023+2024
월간음주율,연령대,,50-59,60.5,%,0.010474675676481514,2908.0,KNHANES 제9기,2022+2023+2024
월간음주율,연령대,,60-69,53.6,%,0.009627475579283262,3208.0,KNHANES 제9기,2022+2023+2024
월간음주율,연령대,,70+,39.0,%,0.010923355687594968,2463.0,KNHANES 제9기,2022+2023+2024
월간음주율,성별×연령대,1.0,19-29,67.1,%,0.017436540747604878,840.0,KNHANES 제9기,2022+2023+2024
월간음주율,성별×연령대,1.0,30-39,70.3,%,0.018862829852339114,870.0,KNHANES 제9기,2022+2023+2024
월간음주율,성별×연령대,1.0,40-49,77.4,%,0.012978530732433784,1124.0,KNHANES 제9기,2022+2023+2024
월간음주율,성별×연령대,1.0,50-59,71.8,%,0.013843375848190101,1263.0,KNHANES 제9기,2022+2023+2024
월간음주율,성별×연령대,1.0,60-69,68.0,%,0.01302211838610881,1536.0,KNHANES 제9기,2022+2023+2024
월간음주율,성별×연령대,1.0,70+,54.4,%,0.015577091323659715,1359.0,KNHANES 제9기,2022+2023+2024
월간음주율,성별×연령대,2.0,19-29,63.8,%,0.017494978406298958,1007.0,KNHANES 제9기,2022+2023+2024
월간음주율,성별×연령대,2.0,30-39,58.2,%,0.01671190672589634,1042.0,KNHANES 제9기,2022+2023+2024
월간음주율,성별×연령대,2.0,40-49,57.0,%,0.013979601565884545,1527.0,KNHANES 제9기,2022+2023+2024
월간음주율,성별×연령대,2.0,50-59,48.1,%,0.013761727470710755,1645.0,KNHANES 제9기,2022+2023+2024
월간음주율,성별×연령대,2.0,60-69,37.1,%,0.012589642946756388,1672.0,KNHANES 제9기,2022+2023+2024
월간음주율,성별×연령대,2.0,70+,21.4,%,0.014063087977080568,1104.0,KNHANES 제9기,2022+2023+2024
평균BMI,전체,,,24.23,kg/㎡,0.03976601354876613,16937.0,KNHANES 제9기,2022+2023+2024
평균BMI,성별,1.0,,25.02,kg/㎡,0.05239152412381374,7355.0,KNHANES 제9기,2022+2023+2024
평균BMI,성별,2.0,,23.44,kg/㎡,0.05246249918060496,9582.0,KNHANES 제9기,2022+2023+2024
평균BMI,연령대,,19-29,23.81,kg/㎡,0.12715810446413237,1921.0,KNHANES 제9기,2022+2023+2024
평균BMI,연령대,,30-39,24.46,kg/㎡,0.11420249390962793,1979.0,KNHANES 제9기,2022+2023+2024
평균BMI,연령대,,40-49,24.51,kg/㎡,0.08163392712386124,2763.0,KNHANES 제9기,2022+2023+2024
평균BMI,연령대,,50-59,24.34,kg/㎡,0.07405932255624124,3145.0,KNHANES 제9기,2022+2023+2024
평균BMI,연령대,,60-69,24.2,kg/㎡,0.060112617307944385,3705.0,KNHANES 제9기,2022+2023+2024
평균BMI,연령대,,70+,23.94,kg/㎡,0.06514049817831083,3424.0,KNHANES 제9기,2022+2023+2024
평균BMI,성별×연령대,1.0,19-29,25.16,kg/㎡,0.18661750433554428,881.0,KNHANES 제9기,2022+2023+2024
평균BMI,성별×연령대,1.0,30-39,25.74,kg/㎡,0.15256163532515993,887.0,KNHANES 제9기,2022+2023+2024
평균BMI,성별×연령대,1.0,40-49,25.74,kg/㎡,0.11343563850879111,1171.0,KNHANES 제9기,2022+2023+2024
평균BMI,성별×연령대,1.0,50-59,25.07,kg/㎡,0.10145012858664533,1302.0,KNHANES 제9기,2022+2023+2024
평균BMI,성별×연령대,1.0,60-69,24.29,kg/㎡,0.08337399950781915,1595.0,KNHANES 제9기,2022+2023+2024
평균BMI,성별×연령대,1.0,70+,23.61,kg/㎡,0.08327184645392942,1519.0,KNHANES 제9기,2022+2023+2024
평균BMI,성별×연령대,2.0,19-29,22.3,kg/㎡,0.1445102033399542,1040.0,KNHANES 제9기,2022+2023+2024
평균BMI,성별×연령대,2.0,30-39,23.04,kg/㎡,0.1552445187762798,1092.0,KNHANES 제9기,2022+2023+2024
평균BMI,성별×연령대,2.0,40-49,23.22,kg/㎡,0.10113122491417255,1592.0,KNHANES 제9기,2022+2023+2024
평균BMI,성별×연령대,2.0,50-59,23.61,kg/㎡,0.09467278208331761,1843.0,KNHANES 제9기,2022+2023+2024
평균BMI,성별×연령대,2.0,60-69,24.12,kg/㎡,0.08663443417251145,2110.0,KNHANES 제9기,2022+2023+2024
평균BMI,성별×연령대,2.0,70+,24.19,kg/㎡,0.08810537421955804,1905.0,KNHANES 제9기,2022+2023+2024
